n,Mn
1.000000000000000000e+00,1.862029943506673746e+01
2.000000000000000000e+00,2.322944670161242087e+01
3.000000000000000000e+00,2.322944670166163661e+01
4.000000000000000000e+00,6.117797808391345882e+01
5.000000000000000000e+00,6.328217781918807106e+01
6.000000000000000000e+00,6.328217781932040964e+01
7.000000000000000000e+00,6.663960829287002241e+01
8.000000000000000000e+00,6.826886937764862751e+01
9.000000000000000000e+00,6.826886937765624452e+01
1.000000000000000000e+01,7.304641692345411741e+01
1.100000000000000000e+01,8.204910140825246856e+01
1.200000000000000000e+01,8.204910140853307610e+01
1.300000000000000000e+01,8.451086738328562831e+01
1.400000000000000000e+01,8.766581628863438880e+01
1.500000000000000000e+01,8.766581628893551681e+01
1.600000000000000000e+01,1.874325264898631076e+02
1.700000000000000000e+01,2.901432484252334234e+02
1.800000000000000000e+01,2.901904308917623894e+02
1.900000000000000000e+01,3.038254129942677082e+02
2.000000000000000000e+01,3.039054594476219791e+02
2.100000000000000000e+01,3.039054594484099994e+02
2.200000000000000000e+01,3.040715844886908599e+02
2.300000000000000000e+01,3.044666642678751032e+02
2.400000000000000000e+01,3.047109764303881434e+02
2.500000000000000000e+01,3.050699222184792916e+02
2.600000000000000000e+01,3.051699855910912902e+02
2.700000000000000000e+01,3.051699855911825807e+02
2.800000000000000000e+01,3.062512236036246236e+02
2.900000000000000000e+01,3.081223242112538401e+02
3.000000000000000000e+01,3.081223242115613630e+02
3.100000000000000000e+01,3.081257119273528247e+02
3.200000000000000000e+01,3.081281306788108054e+02
3.300000000000000000e+01,3.081285444025942297e+02
3.400000000000000000e+01,3.081286289338236770e+02
3.500000000000000000e+01,3.081291761694009210e+02
3.600000000000000000e+01,3.081291761697821698e+02
3.700000000000000000e+01,3.081304105135621398e+02
3.800000000000000000e+01,3.081323341088432244e+02
3.900000000000000000e+01,3.081326297381849031e+02
4.000000000000000000e+01,3.081334367599711754e+02
4.100000000000000000e+01,3.081336820321397454e+02
4.200000000000000000e+01,3.081336820327469468e+02
4.300000000000000000e+01,3.098959112190888732e+02
4.400000000000000000e+01,3.099021144061768496e+02
4.500000000000000000e+01,3.099021144063873976e+02
4.600000000000000000e+01,3.099021516677474324e+02
4.700000000000000000e+01,3.099021709250353638e+02
4.800000000000000000e+01,3.099021712985284580e+02
4.900000000000000000e+01,3.099021797947125947e+02
5.000000000000000000e+01,3.099021838238040800e+02
5.100000000000000000e+01,3.099021838242279614e+02
5.200000000000000000e+01,3.099282522936659348e+02
5.300000000000000000e+01,3.099747794787392081e+02
5.400000000000000000e+01,3.099747794791569504e+02
5.500000000000000000e+01,3.100934229478295947e+02
5.600000000000000000e+01,3.101364588020607584e+02
5.700000000000000000e+01,3.101364588023529336e+02
5.800000000000000000e+01,3.101364838662233865e+02
5.900000000000000000e+01,3.101364919342921667e+02
6.000000000000000000e+01,3.101365034734773758e+02
6.100000000000000000e+01,3.101365045688107784e+02
6.200000000000000000e+01,3.101365085113480973e+02
6.300000000000000000e+01,3.101365085113758369e+02
6.400000000000000000e+01,3.101820216383767388e+02
6.500000000000000000e+01,3.101868786584482791e+02
6.600000000000000000e+01,3.101868786589418505e+02
6.700000000000000000e+01,3.127895914283637353e+02
6.800000000000000000e+01,3.129370825626068040e+02
6.900000000000000000e+01,3.129370825629055162e+02
7.000000000000000000e+01,3.129399540410546479e+02
7.100000000000000000e+01,3.129654753967490137e+02
7.200000000000000000e+01,3.129654753972357639e+02
7.300000000000000000e+01,3.129654795897438362e+02
7.400000000000000000e+01,3.129654801770940935e+02
7.500000000000000000e+01,3.129655180037504465e+02
7.600000000000000000e+01,3.129655189990176041e+02
7.700000000000000000e+01,3.129655284243276583e+02
7.800000000000000000e+01,3.129655284243354458e+02
7.900000000000000000e+01,3.129796272193277673e+02
8.000000000000000000e+01,3.129833957065678192e+02
8.100000000000000000e+01,3.129833957070455881e+02
8.200000000000000000e+01,3.137461365151685300e+02
8.300000000000000000e+01,3.148804276252641898e+02
8.400000000000000000e+01,3.148804276254238630e+02
8.500000000000000000e+01,3.148874321961470741e+02
8.600000000000000000e+01,3.148931910302788424e+02
8.700000000000000000e+01,3.148931910310653279e+02
8.800000000000000000e+01,3.148932021503570127e+02
8.900000000000000000e+01,3.148932137589881108e+02
9.000000000000000000e+01,3.148932378606619409e+02
9.100000000000000000e+01,3.148932411095245243e+02
9.200000000000000000e+01,3.148932481777945327e+02
9.300000000000000000e+01,3.148932481778270471e+02
9.400000000000000000e+01,3.168799225039899738e+02
9.500000000000000000e+01,3.175496167583636407e+02
9.600000000000000000e+01,3.175496167586285310e+02
9.700000000000000000e+01,3.175525466130060295e+02
9.800000000000000000e+01,3.175588762792343687e+02
9.900000000000000000e+01,3.175588762800716722e+02
1.000000000000000000e+02,3.175589941666706864e+02
1.010000000000000000e+02,3.175590171582691710e+02
1.020000000000000000e+02,3.175590172264061266e+02
1.030000000000000000e+02,3.175590415200358052e+02
1.040000000000000000e+02,3.175590569136438717e+02
1.050000000000000000e+02,3.175590569137681882e+02
1.060000000000000000e+02,3.176228175228242208e+02
1.070000000000000000e+02,3.176229868317624891e+02
1.080000000000000000e+02,3.176504628504388847e+02
1.090000000000000000e+02,3.176553115304793664e+02
1.100000000000000000e+02,3.176756503648601893e+02
1.110000000000000000e+02,3.176756503654863764e+02
1.120000000000000000e+02,3.177470319022203284e+02
1.130000000000000000e+02,3.178295374849439554e+02
1.140000000000000000e+02,3.178677732177188773e+02
1.150000000000000000e+02,3.179102489196433226e+02
1.160000000000000000e+02,3.179136589756818125e+02
1.170000000000000000e+02,3.179136589756935223e+02
1.180000000000000000e+02,3.179186927212340379e+02
1.190000000000000000e+02,3.179209076516019650e+02
1.200000000000000000e+02,3.179209076521964903e+02
1.210000000000000000e+02,3.179217373997058758e+02
1.220000000000000000e+02,3.179367291610302573e+02
1.230000000000000000e+02,3.179368574655149473e+02
1.240000000000000000e+02,3.179390976629224497e+02
1.250000000000000000e+02,3.179906851192573640e+02
1.260000000000000000e+02,3.179906851195261765e+02
1.270000000000000000e+02,3.186014150737615296e+02
1.280000000000000000e+02,3.199818685169219634e+02
1.290000000000000000e+02,3.199818685170828871e+02
1.300000000000000000e+02,3.199912142636673025e+02
1.310000000000000000e+02,3.200026067914766372e+02
1.320000000000000000e+02,3.200032586924369298e+02
1.330000000000000000e+02,3.200049226779635774e+02
1.340000000000000000e+02,3.200181732265147048e+02
1.350000000000000000e+02,3.200181732271527721e+02
1.360000000000000000e+02,3.200182965609537860e+02
1.370000000000000000e+02,3.200183108552384965e+02
1.380000000000000000e+02,3.200183118609454027e+02
1.390000000000000000e+02,3.200183586227899468e+02
1.400000000000000000e+02,3.200183586286831314e+02
1.410000000000000000e+02,3.200183586294616020e+02
1.420000000000000000e+02,3.200241790348683821e+02
1.430000000000000000e+02,3.200241832036321057e+02
1.440000000000000000e+02,3.200293579170009934e+02
1.450000000000000000e+02,3.200298735284588929e+02
1.460000000000000000e+02,3.200401364110362579e+02
1.470000000000000000e+02,3.200401364114478042e+02
1.480000000000000000e+02,3.200456489731573697e+02
1.490000000000000000e+02,3.200456782421816797e+02
1.500000000000000000e+02,3.200456782429167788e+02
1.510000000000000000e+02,3.200458609561724188e+02
1.520000000000000000e+02,3.200460121546869345e+02
1.530000000000000000e+02,3.200461334689849195e+02
1.540000000000000000e+02,3.200461336730886046e+02
1.550000000000000000e+02,3.200466557333195965e+02
1.560000000000000000e+02,3.200466557333209607e+02
1.570000000000000000e+02,3.200468158770075888e+02
1.580000000000000000e+02,3.200468180297312415e+02
1.590000000000000000e+02,3.200468850339186702e+02
1.600000000000000000e+02,3.200468916452389863e+02
1.610000000000000000e+02,3.200469095488709286e+02
1.620000000000000000e+02,3.200469095496588920e+02
1.630000000000000000e+02,3.200541098680675987e+02
1.640000000000000000e+02,3.200546296318020723e+02
1.650000000000000000e+02,3.200551875731714517e+02
1.660000000000000000e+02,3.200607134211707603e+02
1.670000000000000000e+02,3.200620626306829308e+02
1.680000000000000000e+02,3.200620626314616857e+02
1.690000000000000000e+02,3.200621382319024519e+02
1.700000000000000000e+02,3.200621461189950878e+02
1.710000000000000000e+02,3.200621681994118717e+02
1.720000000000000000e+02,3.200621699316741342e+02
1.730000000000000000e+02,3.200622007619155056e+02
1.740000000000000000e+02,3.200622007619215310e+02
1.750000000000000000e+02,3.218543642120164918e+02
1.760000000000000000e+02,3.226767177171984144e+02
1.770000000000000000e+02,3.226767177174413064e+02
1.780000000000000000e+02,3.226767361881178431e+02
1.790000000000000000e+02,3.226768803276957556e+02
1.800000000000000000e+02,3.226769622383356477e+02
1.810000000000000000e+02,3.226769622581698513e+02
1.820000000000000000e+02,3.226769933723538770e+02
1.830000000000000000e+02,3.226769933730760727e+02
1.840000000000000000e+02,3.226770329151927399e+02
1.850000000000000000e+02,3.226770919527801880e+02
1.860000000000000000e+02,3.226771487887914986e+02
1.870000000000000000e+02,3.226772068185429134e+02
1.880000000000000000e+02,3.226772363773344523e+02
1.890000000000000000e+02,3.226772363776693737e+02
1.900000000000000000e+02,3.226773381058213772e+02
1.910000000000000000e+02,3.226817508464162643e+02
1.920000000000000000e+02,3.226817508464177990e+02
1.930000000000000000e+02,3.226822714199130360e+02
1.940000000000000000e+02,3.226890447742431434e+02
1.950000000000000000e+02,3.226913455462107549e+02
1.960000000000000000e+02,3.226930646557368050e+02
1.970000000000000000e+02,3.226930868103530656e+02
1.980000000000000000e+02,3.226930868107978085e+02
1.990000000000000000e+02,3.226931292361785495e+02
2.000000000000000000e+02,3.226934143793632188e+02
2.010000000000000000e+02,3.226935758303369539e+02
2.020000000000000000e+02,3.226935946097209467e+02
2.030000000000000000e+02,3.226936006169697748e+02
2.040000000000000000e+02,3.226936006170323026e+02
2.050000000000000000e+02,3.226939229422911239e+02
2.060000000000000000e+02,3.226940894680742531e+02
2.070000000000000000e+02,3.226941059956700428e+02
2.080000000000000000e+02,3.226941108806409488e+02
2.090000000000000000e+02,3.226942004746593966e+02
2.100000000000000000e+02,3.226942004747237434e+02
2.110000000000000000e+02,3.226987242952340011e+02
2.120000000000000000e+02,3.227010298347304911e+02
2.130000000000000000e+02,3.227029915160993596e+02
2.140000000000000000e+02,3.227030343652521651e+02
2.150000000000000000e+02,3.227032948648424053e+02
2.160000000000000000e+02,3.227032948655827340e+02
2.170000000000000000e+02,3.227033823100504719e+02
2.180000000000000000e+02,3.227034656473235827e+02
2.190000000000000000e+02,3.227034783337413728e+02
2.200000000000000000e+02,3.227034962898196113e+02
2.210000000000000000e+02,3.227035771667564177e+02
2.220000000000000000e+02,3.227035771673114937e+02
2.230000000000000000e+02,3.242137040496581903e+02
2.240000000000000000e+02,3.247787360420369396e+02
2.250000000000000000e+02,3.247787360422766483e+02
2.260000000000000000e+02,3.247818930065602672e+02
2.270000000000000000e+02,3.247822658700898160e+02
2.280000000000000000e+02,3.247822658704891978e+02
2.290000000000000000e+02,3.247824697806395307e+02
2.300000000000000000e+02,3.247825706134357802e+02
2.310000000000000000e+02,3.247825983730634221e+02
2.320000000000000000e+02,3.247828966215355990e+02
2.330000000000000000e+02,3.247829200857319734e+02
2.340000000000000000e+02,3.247829200864925951e+02
2.350000000000000000e+02,3.247870683708422348e+02
2.360000000000000000e+02,3.247887363434158488e+02
2.370000000000000000e+02,3.247887412921251098e+02
2.380000000000000000e+02,3.247904636689411859e+02
2.390000000000000000e+02,3.247905752367826153e+02
2.400000000000000000e+02,3.247905752368703247e+02
2.410000000000000000e+02,3.247907820117724214e+02
2.420000000000000000e+02,3.247908320253679904e+02
2.430000000000000000e+02,3.247909414395258523e+02
2.440000000000000000e+02,3.247911567068169916e+02
2.450000000000000000e+02,3.247912050033775131e+02
2.460000000000000000e+02,3.247912050037561471e+02
2.470000000000000000e+02,3.247941998768192207e+02
2.480000000000000000e+02,3.247942101732875244e+02
2.490000000000000000e+02,3.247942101736928748e+02
2.500000000000000000e+02,3.247942597702784155e+02
2.510000000000000000e+02,3.247943760373432269e+02
2.520000000000000000e+02,3.247944785705559525e+02
2.530000000000000000e+02,3.247944849427885856e+02
2.540000000000000000e+02,3.247945502715238604e+02
2.550000000000000000e+02,3.247945502719845763e+02
2.560000000000000000e+02,3.257225396690545267e+02
2.570000000000000000e+02,3.274069653360330676e+02
2.580000000000000000e+02,3.274069653363843031e+02
2.590000000000000000e+02,3.274073203594171559e+02
2.600000000000000000e+02,3.274090132501521566e+02
2.610000000000000000e+02,3.274106653795886928e+02
2.620000000000000000e+02,3.274130948874012574e+02
2.630000000000000000e+02,3.274134304860435236e+02
2.640000000000000000e+02,3.274134304866812499e+02
2.650000000000000000e+02,3.274136365569265195e+02
2.660000000000000000e+02,3.274139269246301751e+02
2.670000000000000000e+02,3.274139366184646747e+02
2.680000000000000000e+02,3.274139577389388478e+02
2.690000000000000000e+02,3.274139914756962071e+02
2.700000000000000000e+02,3.274139914757041083e+02
2.710000000000000000e+02,3.274139907594753822e+02
2.720000000000000000e+02,3.274139898966997748e+02
2.730000000000000000e+02,3.274139898975280971e+02
2.740000000000000000e+02,3.274140033755946888e+02
2.750000000000000000e+02,3.274140035852585697e+02
2.760000000000000000e+02,3.274140035860373246e+02
2.770000000000000000e+02,3.274140321873967423e+02
2.780000000000000000e+02,3.274140326894651594e+02
2.790000000000000000e+02,3.274140326900144942e+02
2.800000000000000000e+02,3.274163326585579625e+02
2.810000000000000000e+02,3.274164061281577460e+02
2.820000000000000000e+02,3.274164061286310812e+02
2.830000000000000000e+02,3.274207527828902471e+02
2.840000000000000000e+02,3.274207915355764840e+02
2.850000000000000000e+02,3.274208050626540398e+02
2.860000000000000000e+02,3.274218513317475754e+02
2.870000000000000000e+02,3.274222030029291091e+02
2.880000000000000000e+02,3.274222030030437622e+02
2.890000000000000000e+02,3.274222222095939969e+02
2.900000000000000000e+02,3.274224879663069601e+02
2.910000000000000000e+02,3.274225032230198167e+02
2.920000000000000000e+02,3.274225051594289653e+02
2.930000000000000000e+02,3.274225466021437683e+02
2.940000000000000000e+02,3.274225466028138953e+02
2.950000000000000000e+02,3.274225601317186261e+02
2.960000000000000000e+02,3.274225869932154751e+02
2.970000000000000000e+02,3.274225869937569087e+02
2.980000000000000000e+02,3.274227921746626180e+02
2.990000000000000000e+02,3.274230088909239385e+02
3.000000000000000000e+02,3.274230122829655443e+02
3.010000000000000000e+02,3.274230495528517508e+02
3.020000000000000000e+02,3.274230781335654115e+02
3.030000000000000000e+02,3.274230781342566843e+02
3.040000000000000000e+02,3.279153056777017241e+02
3.050000000000000000e+02,3.295810493915387838e+02
3.060000000000000000e+02,3.295810493917419990e+02
3.070000000000000000e+02,3.295810790120504521e+02
3.080000000000000000e+02,3.295811029760885162e+02
3.090000000000000000e+02,3.295811029762240310e+02
3.100000000000000000e+02,3.295811173996813181e+02
3.110000000000000000e+02,3.295811533065926255e+02
3.120000000000000000e+02,3.295811533073435271e+02
3.130000000000000000e+02,3.295839947179291016e+02
3.140000000000000000e+02,3.295846048324445974e+02
3.150000000000000000e+02,3.295856775108406396e+02
3.160000000000000000e+02,3.295856879330570450e+02
3.170000000000000000e+02,3.295861257547791183e+02
3.180000000000000000e+02,3.295861257550256482e+02
3.190000000000000000e+02,3.630902063715464578e+02
3.200000000000000000e+02,3.914715672821517956e+02
3.210000000000000000e+02,4.250403012052608460e+02
3.220000000000000000e+02,4.285199479336981767e+02
3.230000000000000000e+02,4.554195462087264445e+02
3.240000000000000000e+02,4.554195462093828723e+02
3.250000000000000000e+02,4.554196381374019893e+02
3.260000000000000000e+02,4.554196757859411946e+02
3.270000000000000000e+02,4.554197924457924387e+02
3.280000000000000000e+02,4.554198196764554609e+02
3.290000000000000000e+02,4.554198375463987531e+02
3.300000000000000000e+02,4.554198375471102622e+02
3.310000000000000000e+02,4.554203353665257623e+02
3.320000000000000000e+02,4.554213367097331115e+02
3.330000000000000000e+02,4.554213367104147210e+02
3.340000000000000000e+02,4.555387382873980187e+02
3.350000000000000000e+02,4.558271161723419596e+02
3.360000000000000000e+02,4.564950938580343518e+02
3.370000000000000000e+02,4.565190031285248438e+02
3.380000000000000000e+02,4.565968466336897791e+02
3.390000000000000000e+02,4.565968466345174193e+02
3.400000000000000000e+02,4.565968562705693330e+02
3.410000000000000000e+02,4.566016514846532459e+02
3.420000000000000000e+02,4.566063128850785233e+02
3.430000000000000000e+02,4.566085741093535830e+02
3.440000000000000000e+02,4.566086391502460629e+02
3.450000000000000000e+02,4.566086391508134739e+02
3.460000000000000000e+02,4.566086398416853172e+02
3.470000000000000000e+02,4.566086753451621121e+02
3.480000000000000000e+02,4.566086753459842384e+02
3.490000000000000000e+02,4.566087806310132464e+02
3.500000000000000000e+02,4.566087841042052560e+02
3.510000000000000000e+02,4.566088760190414746e+02
3.520000000000000000e+02,4.566089297830340570e+02
3.530000000000000000e+02,4.566089465606219733e+02
3.540000000000000000e+02,4.566089465613782750e+02
3.550000000000000000e+02,4.566144727988554450e+02
3.560000000000000000e+02,4.566166818005300456e+02
3.570000000000000000e+02,4.566199142400996607e+02
3.580000000000000000e+02,4.566199264947612164e+02
3.590000000000000000e+02,4.566200312430377153e+02
3.600000000000000000e+02,4.566200312433384170e+02
3.610000000000000000e+02,4.575917350577586262e+02
3.620000000000000000e+02,4.585260483820028981e+02
3.630000000000000000e+02,4.585260483823239497e+02
3.640000000000000000e+02,4.585262403108116018e+02
3.650000000000000000e+02,4.585268569515861827e+02
3.660000000000000000e+02,4.585277331380223131e+02
3.670000000000000000e+02,4.585278241499875662e+02
3.680000000000000000e+02,4.585279281272862590e+02
3.690000000000000000e+02,4.585279281280695614e+02
3.700000000000000000e+02,4.585279306534230273e+02
3.710000000000000000e+02,4.585279557609613335e+02
3.720000000000000000e+02,4.585279557610219285e+02
3.730000000000000000e+02,4.585280054475912834e+02
3.740000000000000000e+02,4.585280055059454867e+02
3.750000000000000000e+02,4.585281117229592383e+02
3.760000000000000000e+02,4.585281215504999750e+02
3.770000000000000000e+02,4.585281979522115989e+02
3.780000000000000000e+02,4.585281979525272504e+02
3.790000000000000000e+02,4.585386671627144324e+02
3.800000000000000000e+02,4.585466756701413829e+02
3.810000000000000000e+02,4.585580139904766952e+02
3.820000000000000000e+02,4.585619097301873808e+02
3.830000000000000000e+02,4.585619256302319968e+02
3.840000000000000000e+02,4.585619256306287639e+02
3.850000000000000000e+02,4.585622550545866716e+02
3.860000000000000000e+02,4.585635073998160465e+02
3.870000000000000000e+02,4.585649462329156449e+02
3.880000000000000000e+02,4.585649479823372872e+02
3.890000000000000000e+02,4.585652336090587369e+02
3.900000000000000000e+02,4.585652336091727648e+02
3.910000000000000000e+02,4.585730952639130464e+02
3.920000000000000000e+02,4.585842537461721236e+02
3.930000000000000000e+02,4.586273725352544943e+02
3.940000000000000000e+02,4.586358321859761418e+02
3.950000000000000000e+02,4.586367804765501432e+02
3.960000000000000000e+02,4.586367804767256757e+02
3.970000000000000000e+02,4.586370417468835967e+02
3.980000000000000000e+02,4.586377370619046019e+02
3.990000000000000000e+02,4.586383498735934836e+02
4.000000000000000000e+02,4.586385385378117689e+02
4.010000000000000000e+02,4.586389034770274407e+02
4.020000000000000000e+02,4.586389034777988059e+02
4.030000000000000000e+02,4.586490243448179172e+02
4.040000000000000000e+02,4.586569974547411448e+02
4.050000000000000000e+02,4.586578665932301533e+02
4.060000000000000000e+02,4.586579060900171498e+02
4.070000000000000000e+02,4.586592353268221132e+02
4.080000000000000000e+02,4.586592353269845148e+02
4.090000000000000000e+02,4.586597893749836317e+02
4.100000000000000000e+02,4.586604286737460825e+02
4.110000000000000000e+02,4.586604286745932768e+02
4.120000000000000000e+02,4.586634747743112257e+02
4.130000000000000000e+02,4.586647619408774403e+02
4.140000000000000000e+02,4.586676221645874989e+02
4.150000000000000000e+02,4.586676608355802500e+02
4.160000000000000000e+02,4.586707278214650501e+02
4.170000000000000000e+02,4.586707278222880859e+02
4.180000000000000000e+02,4.586707479244197430e+02
4.190000000000000000e+02,4.586707506587717376e+02
4.200000000000000000e+02,4.586707506589924606e+02
4.210000000000000000e+02,4.586710240696129972e+02
4.220000000000000000e+02,4.586712483360120132e+02
4.230000000000000000e+02,4.586716852521957435e+02
4.240000000000000000e+02,4.586717188396873439e+02
4.250000000000000000e+02,4.586717274025784832e+02
4.260000000000000000e+02,4.586717274034187426e+02
4.270000000000000000e+02,4.586717337888458701e+02
4.280000000000000000e+02,4.586717505920897224e+02
4.290000000000000000e+02,4.586719923293755983e+02
4.300000000000000000e+02,4.586719949869996640e+02
4.310000000000000000e+02,4.586720018300305242e+02
4.320000000000000000e+02,4.586720018307766509e+02
4.330000000000000000e+02,4.586720654319502728e+02
4.340000000000000000e+02,4.586727183495981421e+02
4.350000000000000000e+02,4.586742141418847609e+02
4.360000000000000000e+02,4.586777599116756505e+02
4.370000000000000000e+02,4.586779312542937532e+02
4.380000000000000000e+02,4.586779312550663690e+02
4.390000000000000000e+02,4.586780003474513592e+02
4.400000000000000000e+02,4.586780804751900860e+02
4.410000000000000000e+02,4.586781146486141552e+02
4.420000000000000000e+02,4.586781195247252754e+02
4.430000000000000000e+02,4.586781231372232810e+02
4.440000000000000000e+02,4.586781231380550139e+02
4.450000000000000000e+02,4.586783102356179711e+02
4.460000000000000000e+02,4.586797697425864158e+02
4.470000000000000000e+02,4.586801131514608869e+02
4.480000000000000000e+02,4.586802428300545103e+02
4.490000000000000000e+02,4.586809643530772860e+02
4.500000000000000000e+02,4.586809643536930139e+02
4.510000000000000000e+02,4.595072591357618421e+02
4.520000000000000000e+02,4.603085482494792018e+02
4.530000000000000000e+02,4.603085482495998235e+02
4.540000000000000000e+02,4.603090784405342788e+02
4.550000000000000000e+02,4.603123774698920556e+02
4.560000000000000000e+02,4.603123950323006852e+02
4.570000000000000000e+02,4.603124113620384037e+02
4.580000000000000000e+02,4.603124689827896532e+02
4.590000000000000000e+02,4.603124689831463456e+02
4.600000000000000000e+02,4.603127128378467887e+02
4.610000000000000000e+02,4.603131180201291386e+02
4.620000000000000000e+02,4.603134798581312452e+02
4.630000000000000000e+02,4.603135015589008390e+02
4.640000000000000000e+02,4.603135255673597612e+02
4.650000000000000000e+02,4.603135255676432394e+02
4.660000000000000000e+02,4.603135404801396362e+02
4.670000000000000000e+02,4.603135408335455168e+02
4.680000000000000000e+02,4.603135408338688990e+02
4.690000000000000000e+02,4.603156673738884592e+02
4.700000000000000000e+02,4.603159242743984123e+02
4.710000000000000000e+02,4.603159256064607803e+02
4.720000000000000000e+02,4.603159396681768385e+02
4.730000000000000000e+02,4.603163623696992772e+02
4.740000000000000000e+02,4.603163623698198990e+02
4.750000000000000000e+02,4.603173253117152512e+02
4.760000000000000000e+02,4.603174349412098536e+02
4.770000000000000000e+02,4.603174349412908555e+02
4.780000000000000000e+02,4.603177717866427088e+02
4.790000000000000000e+02,4.603177974645952872e+02
4.800000000000000000e+02,4.603179000474477220e+02
4.810000000000000000e+02,4.603180719209981930e+02
4.820000000000000000e+02,4.603181517482692016e+02
4.830000000000000000e+02,4.603181517489801990e+02
4.840000000000000000e+02,4.603181587558747196e+02
4.850000000000000000e+02,4.603181626515598737e+02
4.860000000000000000e+02,4.603181626522829220e+02
4.870000000000000000e+02,4.603182308968549705e+02
4.880000000000000000e+02,4.603182321806751247e+02
4.890000000000000000e+02,4.603182430028261365e+02
4.900000000000000000e+02,4.603182458025708570e+02
4.910000000000000000e+02,4.603183188490651219e+02
4.920000000000000000e+02,4.603183188496371940e+02
4.930000000000000000e+02,4.603185468653483667e+02
4.940000000000000000e+02,4.603185614093429763e+02
4.950000000000000000e+02,4.603185691440426126e+02
4.960000000000000000e+02,4.603185881708241709e+02
4.970000000000000000e+02,4.603186032426664269e+02
4.980000000000000000e+02,4.603186032433092691e+02
4.990000000000000000e+02,4.603195207424890327e+02
5.000000000000000000e+02,4.603200585612058831e+02
5.010000000000000000e+02,4.603205508675644637e+02
5.020000000000000000e+02,4.603207407119684831e+02
5.030000000000000000e+02,4.603207861900226021e+02
5.040000000000000000e+02,4.603207861903406979e+02
5.050000000000000000e+02,4.603215356126477218e+02
5.060000000000000000e+02,4.603216055142958112e+02
5.070000000000000000e+02,4.603218393913620616e+02
5.080000000000000000e+02,4.603219087216614298e+02
5.090000000000000000e+02,4.603234568695696680e+02
5.100000000000000000e+02,4.603234568700435716e+02
5.110000000000000000e+02,4.603235558262115887e+02
5.120000000000000000e+02,4.603235603672192155e+02
5.130000000000000000e+02,4.603238754222277294e+02
5.140000000000000000e+02,4.603239026367978681e+02
5.150000000000000000e+02,4.603241754522980500e+02
5.160000000000000000e+02,4.603241754528328897e+02
5.170000000000000000e+02,4.620483174100294264e+02
5.180000000000000000e+02,4.622765654720241741e+02
5.190000000000000000e+02,4.622765654722232398e+02
5.200000000000000000e+02,4.622771945819809503e+02
5.210000000000000000e+02,4.622777866455146523e+02
5.220000000000000000e+02,4.622777866512935816e+02
5.230000000000000000e+02,4.622781702665025705e+02
5.240000000000000000e+02,4.622783258641857174e+02
5.250000000000000000e+02,4.622783258648116771e+02
5.260000000000000000e+02,4.622783323107306614e+02
5.270000000000000000e+02,4.622783323132835562e+02
5.280000000000000000e+02,4.622783323133727436e+02
5.290000000000000000e+02,4.622783406731789455e+02
5.300000000000000000e+02,4.622783406738082590e+02
5.310000000000000000e+02,4.622783451658528975e+02
5.320000000000000000e+02,4.622783451661567256e+02
5.330000000000000000e+02,4.622783562822550039e+02
5.340000000000000000e+02,4.622783562823408943e+02
5.350000000000000000e+02,4.622783611190503166e+02
5.360000000000000000e+02,4.622783617135989402e+02
5.370000000000000000e+02,4.622783617136019529e+02
5.380000000000000000e+02,4.622783625851561169e+02
5.390000000000000000e+02,4.622783625860041639e+02
5.400000000000000000e+02,4.622783625861169412e+02
5.410000000000000000e+02,4.622791760257254055e+02
5.420000000000000000e+02,4.622792178101576042e+02
5.430000000000000000e+02,4.622792178107058589e+02
5.440000000000000000e+02,4.622792196085620162e+02
5.450000000000000000e+02,4.622792218833583320e+02
5.460000000000000000e+02,4.622792222371231787e+02
5.470000000000000000e+02,4.622792232434696302e+02
5.480000000000000000e+02,4.622792235237316163e+02
5.490000000000000000e+02,4.622792235246383825e+02
5.500000000000000000e+02,4.622792516189931007e+02
5.510000000000000000e+02,4.622793135090611258e+02
5.520000000000000000e+02,4.622793150263108828e+02
5.530000000000000000e+02,4.622793414865057002e+02
5.540000000000000000e+02,4.622793442221664009e+02
5.550000000000000000e+02,4.622793442229476568e+02
5.560000000000000000e+02,4.622796781591239892e+02
5.570000000000000000e+02,4.622798120167161073e+02
5.580000000000000000e+02,4.622798127391875482e+02
5.590000000000000000e+02,4.622798356100317960e+02
5.600000000000000000e+02,4.622798998848104475e+02
5.610000000000000000e+02,4.622798998855151353e+02
5.620000000000000000e+02,4.622799057356921253e+02
5.630000000000000000e+02,4.622799058183310876e+02
5.640000000000000000e+02,4.622799072509030225e+02
5.650000000000000000e+02,4.622799077837898380e+02
5.660000000000000000e+02,4.622799078671060329e+02
5.670000000000000000e+02,4.622799078672877613e+02
5.680000000000000000e+02,4.622810365861590753e+02
5.690000000000000000e+02,4.622810368988959340e+02
5.700000000000000000e+02,4.622811480200770688e+02
5.710000000000000000e+02,4.622813403172898461e+02
5.720000000000000000e+02,4.622813922387061893e+02
5.730000000000000000e+02,4.622813922390747052e+02
5.740000000000000000e+02,4.622816015862665040e+02
5.750000000000000000e+02,4.622820186409119856e+02
5.760000000000000000e+02,4.622832875903992544e+02
5.770000000000000000e+02,4.622835846595816633e+02
5.780000000000000000e+02,4.622836473833326068e+02
5.790000000000000000e+02,4.622836473841297220e+02
5.800000000000000000e+02,4.622838289900795985e+02
5.810000000000000000e+02,4.622838582030181556e+02
5.820000000000000000e+02,4.622838692571084493e+02
5.830000000000000000e+02,4.622838891187738000e+02
5.840000000000000000e+02,4.622839351047162495e+02
5.850000000000000000e+02,4.622839351047197738e+02
5.860000000000000000e+02,4.622839439150005774e+02
5.870000000000000000e+02,4.622839498160539051e+02
5.880000000000000000e+02,4.622839520203763755e+02
5.890000000000000000e+02,4.622839526580710299e+02
5.900000000000000000e+02,4.622839527308126435e+02
5.910000000000000000e+02,4.622839527308132688e+02
5.920000000000000000e+02,4.622839554957188284e+02
5.930000000000000000e+02,4.622839565640123851e+02
5.940000000000000000e+02,4.622839565649264841e+02
5.950000000000000000e+02,4.622839589735855839e+02
5.960000000000000000e+02,4.622839692173853905e+02
5.970000000000000000e+02,4.622839692237768077e+02
5.980000000000000000e+02,4.622839719993995118e+02
5.990000000000000000e+02,4.622839747915467115e+02
6.000000000000000000e+02,4.622839747915682551e+02
6.010000000000000000e+02,4.622843066551297966e+02
