n,blue,red
1.000000000000000000e+00,9.999999999974451548e-01,1.899336376580180996e+01
2.000000000000000000e+00,8.391926261400355358e-01,1.899336376580180996e+01
3.000000000000000000e+00,3.002597793403719018e-01,2.108985752808087089e+00
4.000000000000000000e+00,3.002597791153670537e-01,2.108985752808084868e+00
5.000000000000000000e+00,2.176136812880089255e-01,2.108985752808083980e+00
6.000000000000000000e+00,1.338905719074678369e-01,7.582366975716120505e-01
7.000000000000000000e+00,1.338905714130533275e-01,7.582366975716089419e-01
8.000000000000000000e+00,1.316324568935025030e-01,7.582366975716068325e-01
9.000000000000000000e+00,1.272095514209339862e-01,3.860930650519344698e-01
1.000000000000000000e+01,1.272095508615016524e-01,3.860930650519341367e-01
1.100000000000000000e+01,1.253508002087483364e-01,3.860930650519309726e-01
1.200000000000000000e+01,1.213871258460966218e-01,2.329492532654892645e-01
1.300000000000000000e+01,1.213871249237780808e-01,2.329492532654889037e-01
1.400000000000000000e+01,1.210726992136741120e-01,2.329492532654828807e-01
1.500000000000000000e+01,1.203949266307992316e-01,1.865443998168679618e-01
1.600000000000000000e+01,1.203949265882650610e-01,1.865443998168677953e-01
1.700000000000000000e+01,1.123864664694260856e-01,1.865443998168677675e-01
1.800000000000000000e+01,1.112819584673368917e-01,1.865443998168677397e-01
1.900000000000000000e+01,1.104581578402198394e-01,1.865443998168674622e-01
2.000000000000000000e+01,9.557391005595143596e-02,1.865443998168667961e-01
2.100000000000000000e+01,2.661988394807778685e-02,1.729455800504018370e-01
2.200000000000000000e+01,2.661988328191018660e-02,1.729455800504015317e-01
2.300000000000000000e+01,2.633371112488144469e-02,1.729455800504013374e-01
2.400000000000000000e+01,2.632163072400075729e-02,1.729455800504010876e-01
2.500000000000000000e+01,2.593540177644665379e-02,1.729455800504009211e-01
2.600000000000000000e+01,2.577021167983560221e-02,1.729455800504005880e-01
2.700000000000000000e+01,2.441999484639678988e-02,1.554299620031108498e-01
2.800000000000000000e+01,2.441999165837396846e-02,1.554299620031105167e-01
2.900000000000000000e+01,2.283956379276656790e-02,1.554299620031075746e-01
3.000000000000000000e+01,1.978342288206653976e-02,1.509011779595199332e-01
3.100000000000000000e+01,1.978342029443774450e-02,1.509011779595196834e-01
3.200000000000000000e+01,1.977825050699312179e-02,1.509011779595194613e-01
3.300000000000000000e+01,1.977775514085731642e-02,1.509011779595194336e-01
3.400000000000000000e+01,1.977457858243426153e-02,1.509011779595194058e-01
3.500000000000000000e+01,1.977364730304420962e-02,1.509011779595192948e-01
3.600000000000000000e+01,1.977275910561087854e-02,1.266134793471393183e-01
3.700000000000000000e+01,1.977275540335387410e-02,1.266134793471390685e-01
3.800000000000000000e+01,1.977142141361214536e-02,1.266134793471390130e-01
3.900000000000000000e+01,1.977134329439814500e-02,1.266134793471389852e-01
4.000000000000000000e+01,1.977130153989973410e-02,1.266134793471389575e-01
4.100000000000000000e+01,1.977104979249603295e-02,1.266134793471385966e-01
4.200000000000000000e+01,1.976759119550786439e-02,1.108468573382468680e-01
4.300000000000000000e+01,1.976758880689466480e-02,1.108468573382467431e-01
4.400000000000000000e+01,1.918170840982250450e-02,1.108468573382426353e-01
4.500000000000000000e+01,1.810267086914094450e-02,1.041581542175646496e-01
4.600000000000000000e+01,1.810266976400225561e-02,1.041581542175646496e-01
4.700000000000000000e+01,1.810266322401970704e-02,1.041581542175646080e-01
4.800000000000000000e+01,1.810265840247509903e-02,1.041581542175643860e-01
4.900000000000000000e+01,1.810265757914672133e-02,1.041581542175643860e-01
5.000000000000000000e+01,1.810264355118657367e-02,1.041581542175643721e-01
5.100000000000000000e+01,1.810261360669224509e-02,9.373249943901751369e-02
5.200000000000000000e+01,1.810261008287111090e-02,9.373249943901677816e-02
5.300000000000000000e+01,1.810125583766371282e-02,9.373249943901670878e-02
5.400000000000000000e+01,1.805116479587624487e-02,9.016994477888576331e-02
5.500000000000000000e+01,1.805116204145257308e-02,9.016994477888570780e-02
5.600000000000000000e+01,1.804935101282632154e-02,9.016994477888570780e-02
5.700000000000000000e+01,1.794528331302373478e-02,8.516603478503104174e-02
5.800000000000000000e+01,1.794528264079553459e-02,8.516603478503093072e-02
5.900000000000000000e+01,1.794528156502642191e-02,8.516603478503086133e-02
6.000000000000000000e+01,1.794526160847938548e-02,8.516603478503077806e-02
6.100000000000000000e+01,1.794525911837810059e-02,8.516603478503073643e-02
6.200000000000000000e+01,1.794525473420046507e-02,8.516603478503068092e-02
6.300000000000000000e+01,1.794525456244765171e-02,8.378818007272066659e-02
6.400000000000000000e+01,1.794525434449606785e-02,8.378818007272051394e-02
6.500000000000000000e+01,1.793628874341848117e-02,8.378818007272040291e-02
6.600000000000000000e+01,1.791685305575794335e-02,8.287712352567502827e-02
6.700000000000000000e+01,1.791685005588493362e-02,8.287712352567486174e-02
6.800000000000000000e+01,1.758137245085955244e-02,8.287712352567405683e-02
6.900000000000000000e+01,1.630612849590741889e-02,7.572282726154054566e-02
7.000000000000000000e+01,1.630612774889878686e-02,7.572282726154049015e-02
7.100000000000000000e+01,1.630539472666862541e-02,7.572282726154037913e-02
7.200000000000000000e+01,1.629154561770823281e-02,6.978630182465039855e-02
7.300000000000000000e+01,1.629154532131011843e-02,6.978630182465024590e-02
7.400000000000000000e+01,1.629154490777153311e-02,6.978630182465024590e-02
7.500000000000000000e+01,1.629154251200046893e-02,6.978630182465012100e-02
7.600000000000000000e+01,1.629154251194890601e-02,6.978630182465009324e-02
7.700000000000000000e+01,1.629153039854591353e-02,6.978630182465003773e-02
7.800000000000000000e+01,1.629152198871793369e-02,6.707453036776858668e-02
7.900000000000000000e+01,1.629152157131208076e-02,6.707453036776848954e-02
8.000000000000000000e+01,1.628691414695813272e-02,6.707453036776835076e-02
8.100000000000000000e+01,1.628432728301431459e-02,6.418665252374530783e-02
8.200000000000000000e+01,1.628432239231943079e-02,6.418665252374516905e-02
8.300000000000000000e+01,1.601047883546863337e-02,6.418665252374401720e-02
8.400000000000000000e+01,1.556250007065201543e-02,5.865180309609421133e-02
8.500000000000000000e+01,1.556249693335159251e-02,5.865180309609413500e-02
8.600000000000000000e+01,1.556232777708681063e-02,5.865180309609399623e-02
8.700000000000000000e+01,1.555834629043547322e-02,5.755707085032710224e-02
8.800000000000000000e+01,1.555834281544170306e-02,5.755707085032703285e-02
8.900000000000000000e+01,1.555834141267691852e-02,5.755707085032702591e-02
9.000000000000000000e+01,1.555833586951604550e-02,5.755707085032694265e-02
9.100000000000000000e+01,1.555833218788067393e-02,5.755707085032678305e-02
9.200000000000000000e+01,1.555832941844487345e-02,5.755707085032678305e-02
9.300000000000000000e+01,1.555832834416352554e-02,5.108348312269834351e-02
9.400000000000000000e+01,1.555832723023699120e-02,5.108348312269808678e-02
9.500000000000000000e+01,1.543068000182291725e-02,5.108348312269634511e-02
9.600000000000000000e+01,1.488431801747610445e-02,5.092307279346162258e-02
9.700000000000000000e+01,1.488431354640426182e-02,5.092307279346159482e-02
9.800000000000000000e+01,1.488406908888812406e-02,5.092307279346151155e-02
9.900000000000000000e+01,1.488192116171153240e-02,4.787536967380124492e-02
1.000000000000000000e+02,1.488191982024979904e-02,4.787536967380119635e-02
1.010000000000000000e+02,1.488189005078418073e-02,4.787536967380116165e-02
1.020000000000000000e+02,1.488188897351661391e-02,4.787536967380112696e-02
1.030000000000000000e+02,1.488188364937556921e-02,4.787536967380105063e-02
1.040000000000000000e+02,1.488188262087172808e-02,4.787536967380100900e-02
1.050000000000000000e+02,1.488187986362139205e-02,4.584544499143389240e-02
1.060000000000000000e+02,1.488187742651811071e-02,4.584544499143385077e-02
1.070000000000000000e+02,1.488136255775958892e-02,4.584544499143382301e-02
1.080000000000000000e+02,1.488012200396386132e-02,4.584544499143378832e-02
1.090000000000000000e+02,1.487000025023099692e-02,4.584544499143378138e-02
1.100000000000000000e+02,1.486833285368534263e-02,4.584544499143376750e-02
1.110000000000000000e+02,1.485738245604261570e-02,4.497630545698365345e-02
1.120000000000000000e+02,1.485737804331359151e-02,4.497630545698364651e-02
1.130000000000000000e+02,1.484475302513371328e-02,4.497630545698359100e-02
1.140000000000000000e+02,1.484228297641184378e-02,4.497630545698355631e-02
1.150000000000000000e+02,1.484144152461129573e-02,4.497630545698353549e-02
1.160000000000000000e+02,1.483155531039941077e-02,4.497630545698338284e-02
1.170000000000000000e+02,1.480911763880552248e-02,4.408769838665613228e-02
1.180000000000000000e+02,1.480911294951326243e-02,4.408769838665605595e-02
1.190000000000000000e+02,1.480818023187033435e-02,4.408769838665600738e-02
1.200000000000000000e+02,1.480770199796363137e-02,4.333015237001743708e-02
1.210000000000000000e+02,1.480769974522653902e-02,4.333015237001738851e-02
1.220000000000000000e+02,1.480765810340021506e-02,4.333015237001736769e-02
1.230000000000000000e+02,1.480765575919236292e-02,4.333015237001731218e-02
1.240000000000000000e+02,1.480637056278456820e-02,4.333015237001731218e-02
1.250000000000000000e+02,1.480428254190977941e-02,4.333015237001712483e-02
1.260000000000000000e+02,1.479453565818865564e-02,4.154471958646645258e-02
1.270000000000000000e+02,1.479453500828787488e-02,4.154471958646640400e-02
1.280000000000000000e+02,1.470256475195460232e-02,4.154471958646385049e-02
1.290000000000000000e+02,1.444369886234579160e-02,4.106807056015045199e-02
1.300000000000000000e+02,1.444369880693305470e-02,4.106807056015037566e-02
1.310000000000000000e+02,1.444273804404415558e-02,4.106807056015035484e-02
1.320000000000000000e+02,1.444161530283833567e-02,4.106807056015029933e-02
1.330000000000000000e+02,1.444083716699048371e-02,4.106807056015029239e-02
1.340000000000000000e+02,1.444040871491381398e-02,4.106807056015025076e-02
1.350000000000000000e+02,1.443734182943384389e-02,4.018678308007141153e-02
1.360000000000000000e+02,1.443733543722439637e-02,4.018678308007135602e-02
1.370000000000000000e+02,1.443732505367847745e-02,4.018678308007134214e-02
1.380000000000000000e+02,1.443732221215624292e-02,4.018678308007125888e-02
1.390000000000000000e+02,1.443732088940328888e-02,4.018678308007125888e-02
1.400000000000000000e+02,1.443731192133672521e-02,4.018678308007117561e-02
1.410000000000000000e+02,1.443731077581294694e-02,3.838396112149809747e-02
1.420000000000000000e+02,1.443731074045338618e-02,3.838396112149804890e-02
1.430000000000000000e+02,1.443726673602823557e-02,3.838396112149804196e-02
1.440000000000000000e+02,1.443725316661447974e-02,3.838396112149802114e-02
1.450000000000000000e+02,1.443712305866816370e-02,3.838396112149800726e-02
1.460000000000000000e+02,1.443599418302254911e-02,3.838396112149793787e-02
1.470000000000000000e+02,1.443397714746167196e-02,3.817439172113872708e-02
1.480000000000000000e+02,1.443397421947961549e-02,3.817439172113872015e-02
1.490000000000000000e+02,1.443362380561161173e-02,3.817439172113861606e-02
1.500000000000000000e+02,1.443313788734958830e-02,3.687258270397856391e-02
1.510000000000000000e+02,1.443313082480517616e-02,3.687258270397854309e-02
1.520000000000000000e+02,1.443312525991971226e-02,3.687258270397853616e-02
1.530000000000000000e+02,1.443311142846519582e-02,3.687258270397852922e-02
1.540000000000000000e+02,1.443310441825096380e-02,3.687258270397841126e-02
1.550000000000000000e+02,1.443309034133759793e-02,3.687258270397835574e-02
1.560000000000000000e+02,1.443299999623462622e-02,3.630827150700163819e-02
1.570000000000000000e+02,1.443299795350459422e-02,3.630827150700163125e-02
1.580000000000000000e+02,1.443299685091311430e-02,3.630827150700161043e-02
1.590000000000000000e+02,1.443298625707877501e-02,3.630827150700152023e-02
1.600000000000000000e+02,1.443298574588130351e-02,3.630827150700149247e-02
1.610000000000000000e+02,1.443298323101772744e-02,3.630827150700140227e-02
1.620000000000000000e+02,1.443296508221839775e-02,3.546912591323984204e-02
1.630000000000000000e+02,1.443296486673590652e-02,3.546912591323980735e-02
1.640000000000000000e+02,1.443281543031808486e-02,3.546912591323978653e-02
1.650000000000000000e+02,1.443279680596641114e-02,3.546912591323977959e-02
1.660000000000000000e+02,1.443239292626133374e-02,3.546912591323964081e-02
1.670000000000000000e+02,1.443119358103966444e-02,3.546912591323959918e-02
1.680000000000000000e+02,1.443098457363471872e-02,3.522786274726966149e-02
1.690000000000000000e+02,1.443098328272441472e-02,3.522786274726956435e-02
1.700000000000000000e+02,1.443098099377721280e-02,3.522786274726956435e-02
1.710000000000000000e+02,1.443097445112267313e-02,3.522786274726955741e-02
1.720000000000000000e+02,1.443097184732330431e-02,3.522786274726955741e-02
1.730000000000000000e+02,1.443096771195683144e-02,3.522786274726952965e-02
1.740000000000000000e+02,1.443096683794931404e-02,3.438660628413707510e-02
1.750000000000000000e+02,1.443096029376375773e-02,3.438660628413704040e-02
1.760000000000000000e+02,1.433770997416896828e-02,3.438660628413565956e-02
1.770000000000000000e+02,1.410522497759728044e-02,3.403855336062452247e-02
1.780000000000000000e+02,1.410522457563770891e-02,3.403855336062452247e-02
1.790000000000000000e+02,1.410522437222013099e-02,3.403855336062449471e-02
1.800000000000000000e+02,1.410520717301402306e-02,3.403855336062449471e-02
1.810000000000000000e+02,1.410520012269205273e-02,3.403855336062443920e-02
1.820000000000000000e+02,1.410519996806708538e-02,3.403855336062431430e-02
1.830000000000000000e+02,1.410519082508786964e-02,3.371791872608516372e-02
1.840000000000000000e+02,1.410518725729096624e-02,3.371791872608509433e-02
1.850000000000000000e+02,1.410518544151882422e-02,3.371791872608508739e-02
1.860000000000000000e+02,1.410518133518513968e-02,3.371791872608501800e-02
1.870000000000000000e+02,1.410516835377172498e-02,3.371791872608501800e-02
1.880000000000000000e+02,1.410516684677879870e-02,3.371791872608498331e-02
1.890000000000000000e+02,1.410516121854330125e-02,3.312156806233582107e-02
1.900000000000000000e+02,1.410515327698729122e-02,3.312156806233575862e-02
1.910000000000000000e+02,1.410515311222064992e-02,3.312156806233551576e-02
1.920000000000000000e+02,1.410462999673709958e-02,3.248733771215719240e-02
1.930000000000000000e+02,1.410462226264851474e-02,3.248733771215709526e-02
1.940000000000000000e+02,1.410459458895982170e-02,3.248733771215709526e-02
1.950000000000000000e+02,1.410379889227539492e-02,3.248733771215708138e-02
1.960000000000000000e+02,1.410378629874921817e-02,3.248733771215706057e-02
1.970000000000000000e+02,1.410336497698618137e-02,3.248733771215696342e-02
1.980000000000000000e+02,1.410334652372131035e-02,3.188719342087979053e-02
1.990000000000000000e+02,1.410334300962424146e-02,3.188719342087976971e-02
2.000000000000000000e+02,1.410334296742510665e-02,3.188719342087975583e-02
2.010000000000000000e+02,1.410333641047500919e-02,3.188719342087971420e-02
2.020000000000000000e+02,1.410332901509300622e-02,3.188719342087969338e-02
2.030000000000000000e+02,1.410329618640706814e-02,3.188719342087953379e-02
2.040000000000000000e+02,1.410329054906939855e-02,2.984937594677946129e-02
2.050000000000000000e+02,1.410329000293546881e-02,2.984937594677945089e-02
2.060000000000000000e+02,1.410328058707713272e-02,2.984937594677941966e-02
2.070000000000000000e+02,1.410327844631953202e-02,2.984937594677940925e-02
2.080000000000000000e+02,1.410326591210808028e-02,2.984937594677939537e-02
2.090000000000000000e+02,1.410323789893283553e-02,2.984937594677934680e-02
2.100000000000000000e+02,1.410323323606648728e-02,2.956321212054836833e-02
2.110000000000000000e+02,1.410322840371442364e-02,2.956321212054836833e-02
2.120000000000000000e+02,1.410300823004864354e-02,2.956321212054836486e-02
2.130000000000000000e+02,1.410259384913197835e-02,2.956321212054835099e-02
2.140000000000000000e+02,1.410258484366587114e-02,2.956321212054822956e-02
2.150000000000000000e+02,1.410255047163036339e-02,2.956321212054815323e-02
2.160000000000000000e+02,1.410238077511575747e-02,2.907898619814877281e-02
2.170000000000000000e+02,1.410237655667112219e-02,2.907898619814877281e-02
2.180000000000000000e+02,1.410237386506498457e-02,2.907898619814873464e-02
2.190000000000000000e+02,1.410237184357470905e-02,2.907898619814872770e-02
2.200000000000000000e+02,1.410237027398565657e-02,2.907898619814871730e-02
2.210000000000000000e+02,1.410236175638492594e-02,2.907898619814847097e-02
2.220000000000000000e+02,1.410235517883637324e-02,2.887900127822604079e-02
2.230000000000000000e+02,1.410235429866842256e-02,2.887900127822599569e-02
2.240000000000000000e+02,1.405166374802925382e-02,2.887900127822458016e-02
2.250000000000000000e+02,1.391536609193909889e-02,2.882969657076556863e-02
2.260000000000000000e+02,1.391536048480853348e-02,2.882969657076542638e-02
2.270000000000000000e+02,1.391535012520605206e-02,2.882969657076535352e-02
2.280000000000000000e+02,1.391504455239395664e-02,2.770909959753435278e-02
2.290000000000000000e+02,1.391503741228240949e-02,2.770909959753431809e-02
2.300000000000000000e+02,1.391503678268100896e-02,2.770909959753428686e-02
2.310000000000000000e+02,1.391503646912357374e-02,2.770909959753427299e-02
2.320000000000000000e+02,1.391501558169163343e-02,2.770909959753426258e-02
2.330000000000000000e+02,1.391501341197328573e-02,2.770909959753423135e-02
2.340000000000000000e+02,1.391498957303529717e-02,2.678141189445018208e-02
2.350000000000000000e+02,1.391498152103450535e-02,2.678141189445016127e-02
2.360000000000000000e+02,1.391492816074287042e-02,2.678141189445015086e-02
2.370000000000000000e+02,1.391491804138265086e-02,2.678141189445013351e-02
2.380000000000000000e+02,1.391462584332294611e-02,2.678141189445011963e-02
2.390000000000000000e+02,1.391459255040369825e-02,2.678141189445008147e-02
2.400000000000000000e+02,1.391438818982472167e-02,2.555333982578722810e-02
2.410000000000000000e+02,1.391438776775182247e-02,2.555333982578720381e-02
2.420000000000000000e+02,1.391438763659589781e-02,2.555333982578718299e-02
2.430000000000000000e+02,1.391438667310034710e-02,2.555333982578716565e-02
2.440000000000000000e+02,1.391438667249972339e-02,2.555333982578715177e-02
2.450000000000000000e+02,1.391436762701350749e-02,2.555333982578709973e-02
2.460000000000000000e+02,1.391434316011004764e-02,2.519075797608091860e-02
2.470000000000000000e+02,1.391433701377240567e-02,2.519075797608088738e-02
2.480000000000000000e+02,1.391431403948258615e-02,2.519075797608082840e-02
2.490000000000000000e+02,1.391413424767472089e-02,2.504054040007021656e-02
2.500000000000000000e+02,1.391413085226122018e-02,2.504054040007020268e-02
2.510000000000000000e+02,1.391412628095706379e-02,2.504054040007016105e-02
2.520000000000000000e+02,1.391412337633734717e-02,2.504054040007014717e-02
2.530000000000000000e+02,1.391412337312672096e-02,2.504054040007014717e-02
2.540000000000000000e+02,1.391412336245395967e-02,2.504054040007001880e-02
2.550000000000000000e+02,1.391411096365513522e-02,2.455171805277043401e-02
2.560000000000000000e+02,1.391411009662470166e-02,2.455171805277039238e-02
2.570000000000000000e+02,1.386656081063715115e-02,2.455171805276964297e-02
2.580000000000000000e+02,1.374044535022722092e-02,2.419224110907041911e-02
2.590000000000000000e+02,1.374044531264189718e-02,2.419224110907038094e-02
2.600000000000000000e+02,1.374044520764369261e-02,2.419224110907036360e-02
2.610000000000000000e+02,1.374036541485999276e-02,2.419224110907034972e-02
2.620000000000000000e+02,1.374036336859833091e-02,2.419224110907032543e-02
2.630000000000000000e+02,1.374009737437664226e-02,2.419224110907030115e-02
2.640000000000000000e+02,1.374002218472443297e-02,2.344812401714890110e-02
2.650000000000000000e+02,1.374002180644623081e-02,2.344812401714888722e-02
2.660000000000000000e+02,1.374000410781289414e-02,2.344812401714887681e-02
2.670000000000000000e+02,1.373999646749454219e-02,2.344812401714885253e-02
2.680000000000000000e+02,1.373999522566552584e-02,2.344812401714882824e-02
2.690000000000000000e+02,1.373998817751035523e-02,2.344812401714879355e-02
2.700000000000000000e+02,1.373998768851830178e-02,2.295042091376726934e-02
2.710000000000000000e+02,1.373998768867847921e-02,2.295042091376722770e-02
2.720000000000000000e+02,1.373998768949887331e-02,2.295042091376721383e-02
2.730000000000000000e+02,1.373998778185236969e-02,2.273052876243528836e-02
2.740000000000000000e+02,1.373998755077280622e-02,2.273052876243526407e-02
2.750000000000000000e+02,1.373998748217972708e-02,2.273052876243505244e-02
2.760000000000000000e+02,1.373998699277971004e-02,2.230231975029653771e-02
2.770000000000000000e+02,1.373998551007216302e-02,2.230231975029650301e-02
2.780000000000000000e+02,1.373998538504785788e-02,2.230231975029643363e-02
2.790000000000000000e+02,1.373998536837909255e-02,2.210274729637135005e-02
2.800000000000000000e+02,1.373997890724426574e-02,2.210274729637132576e-02
2.810000000000000000e+02,1.373995063762709946e-02,2.210274729637127372e-02
2.820000000000000000e+02,1.373985554268920828e-02,2.181966609993439901e-02
2.830000000000000000e+02,1.373985282410352358e-02,2.181966609993439554e-02
2.840000000000000000e+02,1.373982180470723069e-02,2.181966609993437820e-02
2.850000000000000000e+02,1.373977808144794671e-02,2.181966609993437126e-02
2.860000000000000000e+02,1.373962991302344304e-02,2.181966609993436779e-02
2.870000000000000000e+02,1.373962790868832329e-02,2.181966609993432615e-02
2.880000000000000000e+02,1.373954684685379894e-02,2.172102110185195750e-02
2.890000000000000000e+02,1.373954634752927798e-02,2.172102110185192281e-02
2.900000000000000000e+02,1.373954608063287369e-02,2.172102110185188811e-02
2.910000000000000000e+02,1.373953542492342694e-02,2.172102110185186383e-02
2.920000000000000000e+02,1.373953413260607832e-02,2.172102110185185342e-02
2.930000000000000000e+02,1.373953347080096414e-02,2.172102110185172158e-02
2.940000000000000000e+02,1.373952873515933357e-02,2.168746487842634560e-02
2.950000000000000000e+02,1.373952873373964108e-02,2.168746487842633519e-02
2.960000000000000000e+02,1.373952830621411741e-02,2.168746487842627274e-02
2.970000000000000000e+02,1.373952660939413428e-02,2.143918183810966313e-02
2.980000000000000000e+02,1.373952067728645247e-02,2.143918183810962844e-02
2.990000000000000000e+02,1.373951904829987664e-02,2.143918183810957986e-02
3.000000000000000000e+02,1.373950709341455363e-02,2.143918183810956252e-02
3.010000000000000000e+02,1.373950708971264159e-02,2.143918183810956252e-02
3.020000000000000000e+02,1.373950485983243923e-02,2.143918183810954517e-02
3.030000000000000000e+02,1.373950135876303089e-02,2.109088500132633853e-02
3.040000000000000000e+02,1.373949767383902780e-02,2.109088500132627955e-02
3.050000000000000000e+02,1.371509260133839045e-02,2.109088500132581118e-02
3.060000000000000000e+02,1.363182862810281490e-02,2.091511312687675470e-02
3.070000000000000000e+02,1.363182761486559681e-02,2.091511312687666796e-02
3.080000000000000000e+02,1.363182601699030293e-02,2.091511312687665408e-02
3.090000000000000000e+02,1.363182596234162672e-02,2.001869681614067489e-02
3.100000000000000000e+02,1.363182530848804086e-02,2.001869681614056734e-02
3.110000000000000000e+02,1.363182530175400219e-02,2.001869681614056734e-02
3.120000000000000000e+02,1.363182366901390108e-02,1.966921956705181690e-02
3.130000000000000000e+02,1.363182329166698868e-02,1.966921956705181343e-02
3.140000000000000000e+02,1.363170096243064046e-02,1.966921956705179955e-02
3.150000000000000000e+02,1.363169467325730036e-02,1.966921956705179955e-02
3.160000000000000000e+02,1.363167610815066780e-02,1.966921956705177180e-02
3.170000000000000000e+02,1.363167599185299839e-02,1.966921956705174751e-02
3.180000000000000000e+02,1.363160525015362327e-02,1.959487640372560915e-02
3.190000000000000000e+02,1.363160226930599551e-02,1.959487640372555711e-02
3.200000000000000000e+02,1.310330007168564355e-02,1.959487640372554670e-02
3.210000000000000000e+02,1.295995920710591408e-02,1.959487640372554670e-02
3.220000000000000000e+02,9.961075781094353918e-03,1.959487640372553630e-02
3.230000000000000000e+02,9.536811989024576719e-03,1.959487640372552242e-02
3.240000000000000000e+02,2.907768736514605625e-03,1.955484580674283698e-02
3.250000000000000000e+02,2.907756723308966163e-03,1.955484580674283698e-02
3.260000000000000000e+02,2.907746081978592866e-03,1.955484580674282311e-02
3.270000000000000000e+02,2.907746030405138592e-03,1.955484580674281617e-02
3.280000000000000000e+02,2.907709354988438459e-03,1.955484580674275372e-02
3.290000000000000000e+02,2.907709113958492891e-03,1.955484580674273637e-02
3.300000000000000000e+02,2.907684370152347365e-03,1.947557897428332449e-02
3.310000000000000000e+02,2.907676104882959620e-03,1.947557897428330714e-02
3.320000000000000000e+02,2.907647543421511532e-03,1.947557897428326204e-02
3.330000000000000000e+02,2.907251471316572595e-03,1.943435894224500998e-02
3.340000000000000000e+02,2.907210214385762097e-03,1.943435894224500998e-02
3.350000000000000000e+02,2.872323769161779818e-03,1.943435894224500998e-02
3.360000000000000000e+02,2.811007144793286217e-03,1.943435894224500651e-02
3.370000000000000000e+02,2.786635033416061131e-03,1.943435894224499610e-02
3.380000000000000000e+02,2.747769098993266875e-03,1.943435894224498570e-02
3.390000000000000000e+02,2.539145230642343362e-03,1.912047782657176273e-02
3.400000000000000000e+02,2.539145052515320248e-03,1.912047782657173151e-02
3.410000000000000000e+02,2.539103370219877344e-03,1.912047782657172804e-02
3.420000000000000000e+02,2.538165618619697781e-03,1.912047782657172457e-02
3.430000000000000000e+02,2.536389644797039985e-03,1.912047782657171069e-02
3.440000000000000000e+02,2.535919553102103808e-03,1.912047782657168293e-02
3.450000000000000000e+02,2.535758687375345381e-03,1.903275854892404889e-02
3.460000000000000000e+02,2.535758667089676836e-03,1.903275854892401420e-02
3.470000000000000000e+02,2.535758122672447656e-03,1.903275854892400379e-02
3.480000000000000000e+02,2.535747823271685721e-03,1.896746745049117389e-02
3.490000000000000000e+02,2.535737401083036288e-03,1.896746745049116695e-02
3.500000000000000000e+02,2.535735864304777820e-03,1.896746745049115307e-02
3.510000000000000000e+02,2.535732616768294600e-03,1.896746745049113919e-02
3.520000000000000000e+02,2.535716813118878577e-03,1.896746745049113572e-02
3.530000000000000000e+02,2.535684050714756034e-03,1.896746745049106980e-02
3.540000000000000000e+02,2.535666750366721671e-03,1.866676445336006712e-02
3.550000000000000000e+02,2.535645755074852469e-03,1.866676445336004977e-02
3.560000000000000000e+02,2.535000489092087504e-03,1.866676445336004977e-02
3.570000000000000000e+02,2.534557547516298141e-03,1.866676445336004631e-02
3.580000000000000000e+02,2.533593065722701803e-03,1.866676445336003937e-02
3.590000000000000000e+02,2.532541436733896142e-03,1.866676445335999079e-02
3.600000000000000000e+02,2.532463513419484433e-03,1.828049404673958919e-02
3.610000000000000000e+02,2.532424541011882996e-03,1.828049404673957185e-02
3.620000000000000000e+02,2.363181109741796602e-03,1.828049404673901673e-02
3.630000000000000000e+02,1.918566580303987610e-03,1.809172819346555397e-02
3.640000000000000000e+02,1.918554978502002998e-03,1.809172819346549152e-02
3.650000000000000000e+02,1.918549176885499166e-03,1.809172819346548458e-02
3.660000000000000000e+02,1.918542434339591931e-03,1.809172819346547417e-02
3.670000000000000000e+02,1.918542029258993092e-03,1.809172819346547417e-02
3.680000000000000000e+02,1.918532148262142934e-03,1.809172819346527641e-02
3.690000000000000000e+02,1.917930370537208971e-03,1.799027361804920663e-02
3.700000000000000000e+02,1.917929527085058183e-03,1.799027361804918582e-02
3.710000000000000000e+02,1.917924131201584207e-03,1.799027361804916847e-02
3.720000000000000000e+02,1.917920596439374277e-03,1.780979990108017691e-02
3.730000000000000000e+02,1.917920514956182989e-03,1.780979990108016997e-02
3.740000000000000000e+02,1.917913317311939134e-03,1.780979990108015956e-02
3.750000000000000000e+02,1.917891283560507884e-03,1.780979990108014915e-02
3.760000000000000000e+02,1.917884272240831566e-03,1.780979990108011793e-02
3.770000000000000000e+02,1.917853026909899184e-03,1.780979990108008323e-02
3.780000000000000000e+02,1.917836152119951638e-03,1.774882654991235056e-02
3.790000000000000000e+02,1.917788890846773651e-03,1.774882654991234016e-02
3.800000000000000000e+02,1.914520343097219973e-03,1.774882654991232628e-02
3.810000000000000000e+02,1.911681118294075634e-03,1.774882654991231240e-02
3.820000000000000000e+02,1.909610929821943352e-03,1.774882654991230546e-02
3.830000000000000000e+02,1.906503334278917194e-03,1.774882654991223954e-02
3.840000000000000000e+02,1.905699745806878126e-03,1.773458293070504302e-02
3.850000000000000000e+02,1.905682599283552376e-03,1.773458293070502914e-02
3.860000000000000000e+02,1.905658926679289038e-03,1.773458293070502914e-02
3.870000000000000000e+02,1.905103085758322106e-03,1.773458293070501873e-02
3.880000000000000000e+02,1.905005836473467077e-03,1.773458293070501526e-02
3.890000000000000000e+02,1.904985610337140952e-03,1.773458293070494241e-02
3.900000000000000000e+02,1.904545309967622642e-03,1.761702764074950939e-02
3.910000000000000000e+02,1.904505392234633792e-03,1.761702764074947816e-02
3.920000000000000000e+02,1.903958922527717711e-03,1.761702764074947816e-02
3.930000000000000000e+02,1.901887664849909827e-03,1.761702764074946428e-02
3.940000000000000000e+02,1.901884046896802584e-03,1.761702764074946082e-02
3.950000000000000000e+02,1.896230129455854507e-03,1.761702764074934285e-02
3.960000000000000000e+02,1.879434850082561991e-03,1.741709230910297793e-02
3.970000000000000000e+02,1.879377030784720260e-03,1.741709230910295017e-02
3.980000000000000000e+02,1.879371800576962268e-03,1.741709230910293282e-02
3.990000000000000000e+02,1.879105935973300005e-03,1.741709230910292588e-02
4.000000000000000000e+02,1.879049033914325165e-03,1.741709230910291548e-02
4.010000000000000000e+02,1.878932857296804334e-03,1.741709230910286690e-02
4.020000000000000000e+02,1.878720718341710290e-03,1.735871454517748727e-02
4.030000000000000000e+02,1.878664570204783722e-03,1.735871454517748033e-02
4.040000000000000000e+02,1.878069039063016499e-03,1.735871454517746298e-02
4.050000000000000000e+02,1.878068867728193651e-03,1.735871454517745605e-02
4.060000000000000000e+02,1.878032462369393172e-03,1.735871454517744911e-02
4.070000000000000000e+02,1.872915311668087125e-03,1.735871454517744217e-02
4.080000000000000000e+02,1.871917926309241186e-03,1.723250887532963918e-02
4.090000000000000000e+02,1.871892781065342395e-03,1.723250887532962530e-02
4.100000000000000000e+02,1.871861799742950954e-03,1.723250887532956979e-02
4.110000000000000000e+02,1.871521209559324442e-03,1.698394024121799642e-02
4.120000000000000000e+02,1.871478080774480407e-03,1.698394024121799642e-02
4.130000000000000000e+02,1.871477610614135940e-03,1.698394024121798254e-02
4.140000000000000000e+02,1.871326679327167631e-03,1.698394024121797560e-02
4.150000000000000000e+02,1.869831931578282798e-03,1.698394024121796519e-02
4.160000000000000000e+02,1.869254204281493728e-03,1.698394024121795132e-02
4.170000000000000000e+02,1.868168065148452083e-03,1.692073182231993572e-02
4.180000000000000000e+02,1.868167343935750544e-03,1.692073182231990450e-02
4.190000000000000000e+02,1.868163398303277455e-03,1.692073182231985939e-02
4.200000000000000000e+02,1.868160725648351089e-03,1.666595713940658904e-02
4.210000000000000000e+02,1.868140722059689288e-03,1.666595713940657170e-02
4.220000000000000000e+02,1.868140573709866194e-03,1.666595713940656823e-02
4.230000000000000000e+02,1.868000106188648238e-03,1.666595713940656129e-02
4.240000000000000000e+02,1.867989624739044589e-03,1.666595713940654394e-02
4.250000000000000000e+02,1.867943024192895898e-03,1.666595713940649884e-02
4.260000000000000000e+02,1.867866981213521385e-03,1.666357810917664176e-02
4.270000000000000000e+02,1.867866562201599004e-03,1.666357810917662441e-02
4.280000000000000000e+02,1.867863557308824078e-03,1.666357810917662441e-02
4.290000000000000000e+02,1.867863458565950392e-03,1.666357810917659318e-02
4.300000000000000000e+02,1.867857570641084410e-03,1.666357810917659318e-02
4.310000000000000000e+02,1.867826646812843902e-03,1.666357810917658278e-02
4.320000000000000000e+02,1.867780083755789938e-03,1.650658487251092238e-02
4.330000000000000000e+02,1.867779718913271762e-03,1.650658487251091891e-02
4.340000000000000000e+02,1.867720429681549686e-03,1.650658487251091197e-02
4.350000000000000000e+02,1.867704370523502917e-03,1.650658487251091197e-02
4.360000000000000000e+02,1.867106842813739476e-03,1.650658487251090850e-02
4.370000000000000000e+02,1.866421247926524632e-03,1.650658487251089809e-02
4.380000000000000000e+02,1.865966579105681313e-03,1.620876679004137205e-02
4.390000000000000000e+02,1.865960547543096424e-03,1.620876679004136511e-02
4.400000000000000000e+02,1.865952844295743276e-03,1.620876679004135471e-02
4.410000000000000000e+02,1.865914733633767652e-03,1.620876679004135124e-02
4.420000000000000000e+02,1.865913549709400255e-03,1.620876679004130960e-02
4.430000000000000000e+02,1.865911306603228095e-03,1.620876679004130613e-02
4.440000000000000000e+02,1.865909805103977206e-03,1.600253096103585251e-02
4.450000000000000000e+02,1.865868404220095023e-03,1.600253096103584211e-02
4.460000000000000000e+02,1.865863423931480788e-03,1.600253096103583864e-02
4.470000000000000000e+02,1.865845040976077005e-03,1.600253096103582129e-02
4.480000000000000000e+02,1.865616526840891722e-03,1.600253096103581088e-02
4.490000000000000000e+02,1.865303518507961623e-03,1.600253096103580047e-02
4.500000000000000000e+02,1.865089115439653609e-03,1.596794662339896462e-02
4.510000000000000000e+02,1.865060067669951438e-03,1.596794662339895074e-02
4.520000000000000000e+02,1.603262410229941209e-03,1.596794662339839216e-02
4.530000000000000000e+02,1.299008513682341822e-03,1.594314828551090732e-02
4.540000000000000000e+02,1.298951349753703442e-03,1.594314828551086916e-02
4.550000000000000000e+02,1.298846095078571303e-03,1.594314828551086569e-02
4.560000000000000000e+02,1.297443367912227714e-03,1.594314828551086569e-02
4.570000000000000000e+02,1.297441422890550358e-03,1.594314828551085528e-02
4.580000000000000000e+02,1.297391369137792768e-03,1.594314828551080671e-02
4.590000000000000000e+02,1.297376171288603134e-03,1.586114401821099237e-02
4.600000000000000000e+02,1.297338132612577480e-03,1.586114401821099237e-02
4.610000000000000000e+02,1.297241607678095536e-03,1.586114401821099237e-02
4.620000000000000000e+02,1.297235270032044132e-03,1.586114401821096115e-02
4.630000000000000000e+02,1.297113787567283219e-03,1.586114401821095074e-02
4.640000000000000000e+02,1.296968201738563694e-03,1.586114401821091952e-02
4.650000000000000000e+02,1.296943269931827378e-03,1.584903234009234566e-02
4.660000000000000000e+02,1.296942500771810017e-03,1.584903234009232484e-02
4.670000000000000000e+02,1.296939191695713981e-03,1.584903234009228667e-02
4.680000000000000000e+02,1.296937002601062771e-03,1.531145993108446249e-02
4.690000000000000000e+02,1.296863711297903052e-03,1.531145993108443473e-02
4.700000000000000000e+02,1.296667746554762283e-03,1.531145993108442779e-02
4.710000000000000000e+02,1.296631714105710240e-03,1.531145993108441739e-02
4.720000000000000000e+02,1.296630816599291880e-03,1.531145993108439136e-02
4.730000000000000000e+02,1.296546864146867328e-03,1.531145993108436014e-02
4.740000000000000000e+02,1.295855105112818460e-03,1.530945186647420311e-02
4.750000000000000000e+02,1.295787731185757841e-03,1.530945186647419270e-02
4.760000000000000000e+02,1.295519292112151276e-03,1.530945186647419270e-02
4.770000000000000000e+02,1.295442512562733958e-03,1.502388906358826694e-02
4.780000000000000000e+02,1.295440572364094187e-03,1.502388906358821316e-02
4.790000000000000000e+02,1.295437309648262954e-03,1.502388906358821316e-02
4.800000000000000000e+02,1.295372110077845640e-03,1.502388906358819928e-02
4.810000000000000000e+02,1.295332213505935104e-03,1.502388906358819234e-02
4.820000000000000000e+02,1.295326023998487949e-03,1.502388906358815418e-02
4.830000000000000000e+02,1.295180828202292713e-03,1.479509167615298930e-02
4.840000000000000000e+02,1.295179167172288417e-03,1.479509167615298063e-02
4.850000000000000000e+02,1.295179080838025545e-03,1.479509167615293899e-02
4.860000000000000000e+02,1.295176933149178250e-03,1.474967171633678742e-02
4.870000000000000000e+02,1.295165601344592859e-03,1.474967171633677354e-02
4.880000000000000000e+02,1.295154641811374846e-03,1.474967171633675619e-02
4.890000000000000000e+02,1.295148460783545090e-03,1.474967171633674405e-02
4.900000000000000000e+02,1.295147394037327688e-03,1.474967171633674232e-02
4.910000000000000000e+02,1.295136803516240423e-03,1.474967171633673885e-02
4.920000000000000000e+02,1.295121192646846815e-03,1.472028572756206750e-02
4.930000000000000000e+02,1.295118766155439272e-03,1.472028572756206230e-02
4.940000000000000000e+02,1.295079932535609908e-03,1.472028572756206057e-02
4.950000000000000000e+02,1.295054504685342689e-03,1.472028572756204495e-02
4.960000000000000000e+02,1.295027998789284812e-03,1.472028572756201026e-02
4.970000000000000000e+02,1.295027278375065647e-03,1.472028572756200505e-02
4.980000000000000000e+02,1.295020421630562520e-03,1.462947373411776358e-02
4.990000000000000000e+02,1.294961537790266601e-03,1.462947373411772715e-02
5.000000000000000000e+02,1.294893414478564837e-03,1.462947373411772542e-02
5.010000000000000000e+02,1.294889350334883522e-03,1.462947373411770981e-02
5.020000000000000000e+02,1.294789552262502405e-03,1.462947373411768726e-02
5.030000000000000000e+02,1.294786306578394859e-03,1.462947373411765083e-02
5.040000000000000000e+02,1.294254338061027196e-03,1.445637905168592821e-02
5.050000000000000000e+02,1.294210124136981792e-03,1.445637905168592127e-02
5.060000000000000000e+02,1.294187974604034006e-03,1.445637905168591086e-02
5.070000000000000000e+02,1.294184619304350296e-03,1.445637905168590219e-02
5.080000000000000000e+02,1.294090714528349593e-03,1.445637905168590046e-02
5.090000000000000000e+02,1.294089080340350261e-03,1.445637905168582413e-02
5.100000000000000000e+02,1.293335627064802268e-03,1.417295870766627046e-02
5.110000000000000000e+02,1.293314219243697685e-03,1.417295870766623923e-02
5.120000000000000000e+02,1.293314108224467417e-03,1.417295870766623750e-02
5.130000000000000000e+02,1.293312355447132035e-03,1.417295870766623056e-02
5.140000000000000000e+02,1.293249046423352363e-03,1.417295870766621495e-02
5.150000000000000000e+02,1.293171493171959945e-03,1.417295870766614903e-02
5.160000000000000000e+02,1.293100426701160885e-03,1.404296385023725592e-02
5.170000000000000000e+02,1.293083222115402886e-03,1.404296385023723337e-02
5.180000000000000000e+02,1.020473678432788937e-03,1.404296385023703908e-02
5.190000000000000000e+02,8.332410388320390926e-05,1.391426967689311789e-02
5.200000000000000000e+02,8.285603196468565321e-05,1.391426967689307279e-02
5.210000000000000000e+02,8.282400932786064627e-05,1.391426967689306932e-02
5.220000000000000000e+02,8.208795582033333814e-05,1.391426967689304330e-02
5.230000000000000000e+02,7.734164277228621973e-05,1.391426967689303636e-02
5.240000000000000000e+02,7.712009655157125629e-05,1.391426967689299993e-02
5.250000000000000000e+02,7.363234671422590834e-05,1.377398593942489452e-02
5.260000000000000000e+02,7.358903346077428839e-05,1.377398593942488758e-02
5.270000000000000000e+02,7.358702738407525777e-05,1.377398593942485809e-02
5.280000000000000000e+02,7.358622414615798393e-05,1.373748716223982709e-02
5.290000000000000000e+02,7.354216849850907212e-05,1.373748716223981495e-02
5.300000000000000000e+02,7.354245621527163697e-05,1.373748716223981495e-02
5.310000000000000000e+02,7.354016041719462795e-05,1.373748716223980627e-02
5.320000000000000000e+02,7.353709525523830556e-05,1.373748716223979066e-02
5.330000000000000000e+02,7.345898440875199694e-05,1.373748716223972301e-02
5.340000000000000000e+02,7.345654808599187083e-05,1.365839806828837537e-02
5.350000000000000000e+02,7.342313267566071889e-05,1.365839806828835802e-02
5.360000000000000000e+02,7.342049934453300614e-05,1.365839806828834414e-02
5.370000000000000000e+02,7.341954720683516536e-05,1.365839806828833547e-02
5.380000000000000000e+02,7.341052639498943638e-05,1.365839806828832680e-02
5.390000000000000000e+02,7.341030564769759838e-05,1.365839806828830945e-02
5.400000000000000000e+02,7.341047545970703664e-05,1.365346744320564652e-02
5.410000000000000000e+02,7.166479459050206227e-05,1.365346744320563438e-02
5.420000000000000000e+02,6.792797724621499626e-05,1.365346744320555805e-02
5.430000000000000000e+02,6.722499285845853984e-05,1.350261726098650646e-02
5.440000000000000000e+02,6.722278290023232902e-05,1.350261726098649258e-02
5.450000000000000000e+02,6.720978426334759607e-05,1.350261726098648911e-02
5.460000000000000000e+02,6.720854651686310720e-05,1.350261726098648390e-02
5.470000000000000000e+02,6.720716044540020657e-05,1.350261726098647176e-02
5.480000000000000000e+02,6.720584136270420228e-05,1.350261726098646656e-02
5.490000000000000000e+02,6.720253403717380144e-05,1.342613131509075471e-02
5.500000000000000000e+02,6.713735023194318291e-05,1.342613131509074256e-02
5.510000000000000000e+02,6.671205287409845853e-05,1.342613131509073215e-02
5.520000000000000000e+02,6.671161513523798622e-05,1.342613131509072348e-02
5.530000000000000000e+02,6.650299166976986849e-05,1.342613131509071828e-02
5.540000000000000000e+02,6.649972119972110622e-05,1.342613131509067838e-02
5.550000000000000000e+02,6.648301509102138933e-05,1.332417580080460205e-02
5.560000000000000000e+02,6.560179205669774689e-05,1.332417580080459511e-02
5.570000000000000000e+02,6.454310286950229957e-05,1.332417580080459338e-02
5.580000000000000000e+02,6.454270348410811773e-05,1.332417580080456562e-02
5.590000000000000000e+02,6.384289141478183629e-05,1.332417580080455868e-02
5.600000000000000000e+02,6.385122617501457160e-05,1.332417580080451185e-02
5.610000000000000000e+02,6.284308618294620423e-05,1.327476229289501625e-02
5.620000000000000000e+02,6.280466910049883336e-05,1.327476229289499543e-02
5.630000000000000000e+02,6.280443062541354610e-05,1.327476229289499370e-02
5.640000000000000000e+02,6.279364199880498173e-05,1.327476229289499023e-02
5.650000000000000000e+02,6.279292592186137758e-05,1.327476229289493992e-02
5.660000000000000000e+02,6.279134379425702192e-05,1.327476229289493992e-02
5.670000000000000000e+02,6.278970816224191192e-05,1.318132593313280435e-02
5.680000000000000000e+02,6.278942364842502756e-05,1.318132593313279047e-02
5.690000000000000000e+02,6.277896405517985768e-05,1.318132593313276792e-02
5.700000000000000000e+02,6.277781030501277087e-05,1.318132593313276618e-02
5.710000000000000000e+02,6.193385252589820190e-05,1.318132593313276271e-02
5.720000000000000000e+02,5.529576319314825770e-05,1.318132593313272108e-02
5.730000000000000000e+02,5.332468656513280952e-05,1.307824058222229434e-02
5.740000000000000000e+02,5.224200736612717055e-05,1.307824058222228567e-02
5.750000000000000000e+02,5.088748635611848074e-05,1.307824058222227526e-02
5.760000000000000000e+02,4.924525485261904326e-05,1.307824058222226138e-02
5.770000000000000000e+02,4.579619879307607599e-05,1.307824058222225097e-02
5.780000000000000000e+02,3.609851795001565333e-05,1.307824058222225097e-02
5.790000000000000000e+02,3.609419488713616365e-05,1.306881308517164608e-02
5.800000000000000000e+02,3.609268306434306996e-05,1.306881308517162874e-02
5.810000000000000000e+02,3.609084259689124811e-05,1.306881308517162353e-02
5.820000000000000000e+02,3.607778003655146459e-05,1.306881308517162180e-02
5.830000000000000000e+02,3.607403862919521394e-05,1.306881308517161486e-02
5.840000000000000000e+02,3.607146446284103868e-05,1.306881308517158537e-02
5.850000000000000000e+02,3.607121840442285724e-05,1.298134046220516397e-02
5.860000000000000000e+02,3.607020491782599920e-05,1.298134046220512580e-02
5.870000000000000000e+02,3.487614617294483804e-05,1.298134046220512407e-02
5.880000000000000000e+02,3.484180308675776695e-05,1.298134046220511886e-02
5.890000000000000000e+02,3.485468655206532288e-05,1.298134046220508070e-02
5.900000000000000000e+02,3.486154473330637207e-05,1.298134046220501998e-02
5.910000000000000000e+02,3.486207453922610230e-05,1.279643388580337972e-02
5.920000000000000000e+02,3.486207538220732505e-05,1.279643388580335717e-02
5.930000000000000000e+02,3.486207589562048280e-05,1.279643388580331900e-02
5.940000000000000000e+02,3.486207787770026630e-05,1.263030805403479381e-02
5.950000000000000000e+02,3.194634754074472693e-05,1.263030805403475391e-02
5.960000000000000000e+02,3.147915513164385352e-05,1.263030805403475391e-02
5.970000000000000000e+02,3.080541876800802327e-05,1.263030805403474871e-02
5.980000000000000000e+02,3.070154928630975164e-05,1.263030805403474177e-02
5.990000000000000000e+02,3.068843091982843379e-05,1.263030805403470187e-02
6.000000000000000000e+02,3.068740505084852012e-05,1.249029050838156019e-02
